"","TB_USCH","TB_USJP","TB_USUK","M3_USCH","M3_USJP","M3_USUK","UN_USCH","UN_USJP","UN_USUK","M1_USCH","M1_USJP","M1_USUK","CPI_USCH","CPI_USJP","CPI_USUK","T_USCH","T_USJP","T_USUK","EX_UKUS","EX_JPUS","EX_CHUS"
"1990-01-01",8.84517741935484,7.61135504500907,-16.21984,2.85975985046368,-0.212748154736673,1.76548005906388,5.51434958083706,3.62960257183706,0.42960257183706,-18.3484481398274,-20.8716025269047,-19.6399893255799,-21.7814094620254,-35.9485813253902,1.3514186746098,0.618621756709228,0.423756322791117,0.399524995105059,-0.501502296305107,4.97660890704276,0.417064243951516
"1990-02-01",8.42981543624161,7.71149489475144,-16.582074,2.84507185968465,-0.216321292122366,1.73292197448129,5.4231724100703,3.6237362310703,0.3237362310703,-18.3647956613562,-20.8927460945743,-19.6914095097299,-21.7732500846464,-35.7954349266086,1.1045650733914,0.389776371065611,0.471062349984918,0.248971991295108,-0.528331497895656,4.98150304086974,0.397365729851515
"1990-03-01",8.07222222222222,7.87291077711434,-15.801455,2.86186185982028,-0.174645076103815,1.75009454583703,5.07932323322336,3.25431906422336,0.0543190642233604,-18.3442977111159,-20.8835827128982,-19.6766006999999,-21.7389008215121,-35.8000974613635,1.1999025386365,0.399697719394807,0.561770961334523,0.152475646434535,-0.485200076127018,5.03245027433634,0.414292696710844
"1990-04-01",8.47686666666667,7.73738580297945,-16.165864,2.84815025396748,-0.154465004653201,1.74189017993408,4.90890164485512,3.06818669085512,-0.03181330914488,-18.3190068982067,-20.8295474743065,-19.6532691319515,-21.8109525919065,-36.5157153284364,-0.0157153284364,0.412074680693608,0.426143484429816,0.194324050375561,-0.492987465636111,5.06549336046083,0.396491633309056
"1990-05-01",7.86498226950355,7.70645116560777,-16.548752,2.79680911838878,-0.172484820508011,1.70321742341967,4.81420064036755,3.05540033736755,0.0554003373675496,-18.3997081031841,-20.8457898268166,-19.7124298334681,-22.0549905904103,-36.7891421290456,-0.489142129045597,0.466460781487164,0.442523210713042,0.314575604089443,-0.517244975568174,5.03723892505575,0.350516016623148
"1990-06-01",8.08555555555555,7.69637511654523,-16.761496,2.80757074599466,-0.194905452368932,1.67010872304981,5.06841140832791,3.40080312532791,0.30080312532791,-18.3966749034821,-20.8191330451539,-19.7403362923502,-21.8662945344816,-36.1938046638005,-0.393804663800502,0.429796367084198,0.556404778103906,0.195958008087541,-0.536668793723509,5.03497467357545,0.354171813720614
"1990-07-01",8.04841846336421,7.58532462870581,-18.314434,2.79591902894617,-0.22073541217669,1.62042559753057,5.20970809504977,3.65350324604977,0.253503246049769,-18.3763315876938,-20.8690266011288,-19.7789117527808,-21.6931059640838,-35.7828493314826,-0.182849331482601,0.717995989980575,0.685301986420856,0.47191965546573,-0.593216341934896,5.00421137148363,0.331028876955147
"1990-08-01",7.70094202898551,7.41495342155107,-19.719577,2.73335418026344,-0.226788466132309,1.56987088748756,5.11050096101986,3.46561671301986,0.0656167130198604,-18.4295745483084,-20.8387939449927,-19.8141156753653,-22.0068488312642,-35.6765565339195,-0.176556533919502,0.683423190507826,0.592580955875037,0.545437705722879,-0.642537862733403,4.99356305589294,0.268193395867919
"1990-09-01",7.2730303030303,7.3199105753013,-19.383862,2.71646303397432,-0.307105057960012,1.56353455794548,5.18299693726829,3.45216680026829,0.0521668002682905,-18.4595567951969,-20.9158187660831,-19.8275120399098,-21.9111718013167,-35.9124548028201,-0.212454802820105,0.610496361107533,0.687502632963313,0.516453411665033,-0.630952576966828,4.93044063043355,0.267657920620853
"1990-10-01",7.34287593984962,7.12717291877748,-18.375728,2.69867347920436,-0.362408308200994,1.53409460687078,5.01758614375878,3.33308763575878,0.0330876357587799,-18.4807502722563,-20.9548832874314,-19.8539477720297,-22.0481130627828,-36.5749262711114,-0.374926271111406,0.81091469652671,0.653708652044618,0.723161958630814,-0.665570412789711,4.86438256540353,0.248265340087989
"1990-11-01",8.03903846153846,7.0170484965039,-17.865698,2.67342980570693,-0.365396321961466,1.51294693291757,5.35103235400072,3.95751281800072,0.25751281800072,-18.5191578515181,-20.9460921557357,-19.8667797563295,-22.605416412792,-36.2483530717206,-0.448353071720597,0.742362239159609,0.541126302745201,0.722499629865802,-0.675085037741537,4.86148155319304,0.228648371948655
"1990-12-01",7.85628571428571,6.69854775224253,-18.360014,2.68021673737512,-0.355893252990754,1.53563613282834,5.38343189249062,4.17760559349062,-0.0223944065093793,-18.5199404850616,-20.9944854585458,-19.8275168981179,-22.6011428055221,-36.1483530717206,-0.548353071720598,0.412228846710624,0.490654010587935,0.467872644114605,-0.653314280058222,4.89701109846371,0.247953230222784
"1991-01-01",7.24253846153846,6.17848872015115,-18.620264,2.68199690492991,-0.332907843499157,1.53824880593019,6.35677967566598,5.05297683766598,0.55297683766598,-18.4868596407239,-20.9641199766996,-19.8206102615168,-22.9051522953767,-36.4108245400119,-0.210824540011899,0.467406485640187,0.339752672301939,0.260580561713919,-0.65990058676631,4.89558801284889,0.240118655520171
"1991-02-01",7.45969696969697,5.89748292805499,-17.393508,2.68734144117037,-0.356126024850909,1.52851030891224,6.53603770322666,5.18911398022666,0.58911398022666,-18.4910581281438,-20.9682071024135,-19.848213653328,-23.6129776868308,-36.1264424070847,-0.326442407084706,0.261223987395759,0.393539825333626,0.183665639934559,-0.675034125133018,4.87164751864321,0.237835100057199
"1991-03-01",7.87717391304348,5.86960307657146,-15.145384,2.77858323567155,-0.322751190956694,1.59061175435874,6.38916963303412,4.78018372703412,0.0801837270341199,-18.3806843908036,-20.9566457386638,-19.7903433118628,-23.5410188308511,-36.4420602741576,-0.542060274157599,0.0898690458087538,0.432378026132322,-0.0964862427462194,-0.599605436151581,4.92279957743202,0.330597873428613
"1991-04-01",7.92239130434783,5.60952234913323,-13.894149,2.81166386233133,-0.313946515375743,1.63337171245717,5.7287568318421,4.3581505228421,-0.7418494771579,-18.3302306915718,-20.9347101545139,-19.7213243145131,-23.6499428872253,-36.9576781412304,-1.65767814123041,0.198412971061781,0.412865672107823,0.153701646304741,-0.559444344668437,4.9208032153926,0.364573666732088
"1991-05-01",7.26125,5.41984714422761,-13.053612,2.81481609408556,-0.309680193849072,1.63501767707881,5.82787069461,4.59556114861,-0.60443885139,-18.3484370644682,-20.9304003443795,-19.7398617388404,-24.1622723567348,-37.188913875376,-1.988913875376,0.273641663451566,0.353086713981473,0.172769300196185,-0.544531156231162,4.92885964129586,0.376654026254045
"1991-06-01",7.24125,5.5302855149466,-12.164275,2.86992561769064,-0.317749673595785,1.67419517565245,6.15177106176283,5.02514942676283,-0.37485057323717,-18.2850347260798,-20.9206627528426,-19.6922618076109,-24.3276445476575,-36.7201496095217,-2.1201496095217,0.24344494909591,0.473958915477455,0.104505313767482,-0.500593453199742,4.93983722278754,0.425071637747083
"1991-07-01",7.18411417322835,5.54065442936951,-11.676085,2.88387239966223,-0.330609127096491,1.67724339229469,5.90240039481696,4.83892562181696,-0.96107437818304,-18.2419338646478,-20.9465172719021,-19.6684640560839,-24.2714880999548,-36.5357674765945,-1.8357674765945,0.515493883604688,0.616669381316526,0.465260006527642,-0.501562856486806,4.92602104170635,0.437028372564283
"1991-08-01",7.36172480620155,5.29036293894592,-11.628887,2.86694946592996,-0.345835168377523,1.65748089126908,5.63443854981194,4.52477804681194,-1.47522195318806,-18.2548049096267,-20.9232186437668,-19.6768297923479,-24.5279974505636,-36.5670032107402,-2.2670032107402,0.482958009532917,0.558421669773949,0.369220027449611,-0.521231296479871,4.91863988104399,0.418776122167837
"1991-09-01",7.5869696969697,5.17962010282987,-11.52705,2.83188937810418,-0.370228498165069,1.61964996615138,5.47888468969579,4.42767714069579,-1.57232285930421,-18.297815449098,-20.9506350657336,-19.7322770709086,-24.4339683829242,-36.4138568119586,-2.2138568119586,0.479607375616118,0.716292524787887,0.387516988033263,-0.54609623784791,4.90007238051407,0.392244769937309
"1991-10-01",7.73858208955224,4.94853097330245,-12.137614,2.82475881560162,-0.393866825353172,1.62942070078169,5.34131949089433,4.50293138989433,-1.49706861010567,-18.2958720143264,-20.9491241534538,-19.6928516846419,-24.4224363460166,-37.3294746790315,-2.4294746790315,0.600222839563566,0.678565707311952,0.535837448284961,-0.544124994166917,4.87345764289558,0.39075747923589
"1991-11-01",7.517,4.5220927224044,-13.378368,2.79685083039081,-0.410775064594677,1.59698438164524,5.37311201622272,4.80337325122272,-1.49662674877728,-18.3346550038675,-20.9525297060862,-19.7189273904287,-25.2434594011149,-37.3607104131771,-2.3607104131771,0.353104369468486,0.483224355389136,0.240800732474432,-0.57638861994975,4.86470043843445,0.361025466675991
"1991-12-01",7.64154580152672,4.03162121845212,-14.549168,2.74859748368615,-0.438327045985112,1.57127043478879,5.4121755942416,5.0296409062416,-1.4703590937584,-18.3713474560798,-21.0401303838401,-19.7201178732373,-25.0032909932176,-36.9185193467135,-2.5185193467135,0.391415306092264,0.678924801985919,0.537168405803356,-0.602784740479554,4.85233881006436,0.326061085320896
"1992-01-01",6.96,3.76488162893129,-14.07292,2.77354811354958,-0.441597813490347,1.58008404791244,6.31841828083035,5.87935933783035,-0.82064066216965,-18.3152247354755,-21.0037718756337,-19.697734910372,-25.3101923910256,-36.6341372137864,-2.2341372137864,0.383814121022334,0.392858596753432,0.190007095984394,-0.592774206413158,4.83199814154146,0.339254077995768
"1992-02-01",7.15806910569106,3.80549696199419,-13.475772,2.81360226610187,-0.429685476098108,1.60022431418694,6.34083315885664,6.14159743785664,-0.75840256214336,-18.2808102684951,-20.9544023956566,-19.6827473110145,-25.695653738398,-36.3231818814684,-2.3231818814684,0.137307235907264,0.518034278581672,-0.0249371720419322,-0.575376644825438,4.84967514906247,0.375761628734722
"1992-03-01",8.46197552447553,4.00683794624074,-13.559998,2.84950872877926,-0.392710125472473,1.62132045497072,5.85374328233527,5.54675664933527,-1.15324335066473,-18.2242672706329,-20.9538795862189,-19.6696122213366,-25.6461977704957,-36.5278444162233,-2.3278444162233,0.22398919393402,0.60863508949329,0.0810830004101711,-0.544531156231162,4.88931626417421,0.411712220868631
"1992-04-01",8.42429577464789,3.72269721692832,-13.043096,2.84369962748211,-0.387381359824722,1.60273898326371,5.09769244586062,5.08773164286062,-1.91226835713938,-18.1940794608584,-20.9161254071305,-19.6611364187902,-25.6964839596782,-37.4434622832961,-2.9434622832961,0.386575719916572,0.546083569229392,0.223954563566922,-0.56338012250088,4.89439731422622,0.418315520086984
"1992-05-01",9.03273178807947,3.60211920074022,-13.433585,2.81587547527753,-0.421897262068736,1.56702277857275,5.16200249281582,5.22946355281582,-1.67053644718418,-18.2179289284647,-20.9371220948586,-19.7040959593117,-25.8349257220795,-37.459080150369,-3.259080150369,0.371231475051038,0.560925143819833,0.243333217135304,-0.59305056402166,4.87344770190301,0.399245808294247
"1992-06-01",8.8327027027027,3.6312541047262,-13.889246,2.77553862438989,-0.444389912963921,1.53488946708198,5.72101253205821,5.95979337505821,-0.940206624941791,-18.2639884193332,-20.9450443262979,-19.7306565531109,-25.9607902743592,-37.148124818051,-3.048124818051,0.470893182165315,0.66777690357326,0.299490309598186,-0.61793860296219,4.84289097127353,0.354171813720614
"1992-07-01",8.23427536231884,3.18103629836585,-15.219097,2.71951248988732,-0.46262526735272,1.50131923392007,5.32143883757681,5.71078366757681,-1.48921633242319,-18.2741556987113,-20.9550046960599,-19.736203091801,-25.5780987974211,-36.2215516186603,-2.7215516186603,0.688011613063261,0.810427568834893,0.529763982832097,-0.651126551297333,4.83534257703034,0.288706547497969
"1992-08-01",7.45468253968254,3.10511704731801,-15.701546,2.69545722727986,-0.452490412849265,1.49372519662462,4.88259211634282,5.30154401634282,-2.09845598365718,-18.2932792447661,-20.923370006213,-19.7260074628979,-25.6312639509549,-36.3527873528059,-2.6527873528059,0.707869971742132,0.732583002067763,0.444307984219517,-0.664439016423202,4.83811356178045,0.259745453758758
"1992-09-01",6.53623714408437,2.88437940825487,-12.286695,2.67430057743876,-0.490216211986983,1.53389626503662,4.55687101912834,5.07545204512834,-2.22454795487166,-18.34134198991,-20.9431585154642,-19.7000706460355,-25.56278037662,-36.6840230869516,-2.6840230869516,0.680025991056357,0.930112352826142,0.596950102115934,-0.613291955310481,4.80890010633724,0.245296355955343
"1992-10-01",5.86362745098039,2.83407671509641,-8.313604,2.70567521143117,-0.503507976224434,1.63575158086974,3.97074671868595,4.78238540068595,-2.51761459931405,-18.2993620483065,-20.9149706333526,-19.5780082578961,-25.4754614964824,-36.5730677546336,-2.6730677546336,0.705449569167963,0.871661803776739,0.594417435648622,-0.502531320941171,4.797154903693,0.275811899881294
"1992-11-01",6.16905114430124,3.10464481756539,-6.733128,2.77569307017332,-0.475266401178473,1.71561190292929,3.88173640133837,4.89729179033837,-2.40270820966163,-18.2294141173606,-20.8784324303639,-19.494701127804,-26.2117113455922,-36.2886856217065,-2.5886856217065,0.641183057305479,0.686251807067357,0.50610625384906,-0.423174041888938,4.819313355105,0.357044875505612
"1992-12-01",5.42,3.19467770711112,-6.64436,2.76066093220069,-0.499550121998432,1.70355645178303,3.59748192394023,4.87708341694023,-2.82291658305977,-18.2396829281129,-20.9579710366909,-19.4660485042789,-26.1612744591361,-36.3308766881701,-2.7308766881701,0.508876336585916,0.784031172672796,0.539096091580488,-0.438899884194402,4.82061134992989,0.351994005420192
"1993-01-01",4.85083333333333,2.97487063296243,-5.1529,2.79319864292952,-0.4882615651889,1.71543944369307,4.19172320515239,5.59909749915239,-2.30090250084761,-18.1949622629419,-20.9048425023547,-19.4480512286207,-26.3071124048468,-35.935539222925,-2.235539222925,0.448968492159812,0.481322814875269,0.354017847226784,-0.426900388828229,4.82825933582257,0.3902837861125
"1993-02-01",4.93272727272727,2.91025828195711,-4.800115,2.81650724003399,-0.527814945582175,1.77117567222367,3.87945571225483,5.45125482625483,-2.34874517374517,-18.1882976997854,-20.9224537241545,-19.4157735289248,-26.6512290865382,-35.824583890607,-2.324583890607,0.412143839408712,0.702221194050145,0.306276661815597,-0.364295831070094,4.79380096438621,0.417261917987675
"1993-03-01",4.58798192771084,2.92962696146043,-4.840861,2.80771274507699,-0.566286330610211,1.75019197236215,3.35884366115258,4.82863499815258,-2.57136500184742,-18.2057891900576,-20.9865087431383,-19.4461004421211,-26.9037116774659,-35.8136285582891,-2.4136285582891,0.609292841715367,0.942854364215957,0.526922561602148,-0.37960014191311,4.76232264168906,0.419104993812199
"1993-04-01",4.52207317073171,2.84879218655759,-5.301463,2.76630608672874,-0.606559705766578,1.69852012206612,2.75428327394458,4.53904773394458,-3.16095226605542,-18.2203616429041,-21.0085720989993,-19.4734986448336,-27.0008055382857,-36.3448642924347,-2.6448642924347,0.592553023186829,0.802947767459744,0.449340418093156,-0.434829716738068,4.72216535580412,0.378367940223797
"1993-05-01",4.55503787878788,2.93839464216126,-5.103517,2.7662720629923,-0.619369362039507,1.6938688587796,2.59567882992908,4.34237525792908,-2.95762474207092,-18.235655400395,-21.031244064586,-19.490294639246,-26.9679054650285,-36.3604821595076,-2.7604821595076,0.478182304785537,0.605999960838732,0.314117744332243,-0.436769957936577,4.70359369616418,0.371839380458504
"1993-06-01",4.39323757763975,3.04780504562813,-4.69723,2.7893004395503,-0.65755761244532,1.7159847300711,2.90594077311128,4.83574697511128,-2.36425302488872,-18.2166504034557,-21.0247766976579,-19.4602087781844,-26.8610620473804,-36.1761000265804,-2.6761000265804,0.825960446065094,0.918600720417238,0.716591631987088,-0.41091688678641,4.67667004568572,0.389945296450128
"1993-07-01",4.01336666666667,3.01786267055679,-4.542185,2.81317171015113,-0.659286997906445,1.71677427107144,2.55965351612195,4.62351219512195,-2.77648780487805,-18.1512485454901,-21.0295360652466,-19.4422693240236,-26.8066977874587,-36.4761000265804,-2.4761000265804,0.914650414467534,1.05003094118381,0.740976847582255,-0.402460599087866,4.67926972953486,0.415217399550843
"1993-08-01",4.16003246753247,2.99702500843252,-4.630882,2.80062544218681,-0.687361397933426,1.71924536669894,2.03435640362641,4.10090121262641,-3.29909878737359,-18.1635522423612,-21.0388824159697,-19.4443533740777,-27.0704623318046,-36.507335760726,-2.607335760726,0.817905130956685,0.818359995445091,0.771522218683584,-0.399715276127557,4.64212872697362,0.403195868664121
"1993-09-01",4.09315789473684,2.93457018152059,-4.97896,2.74199933049513,-0.678890136743391,1.69489179592552,1.7745858492285,3.8256209942285,-3.3743790057715,-18.2252765327331,-21.0064891236783,-19.4641093455967,-26.8897236449233,-36.4807625613353,-2.7807625613353,0.885925283054387,1.05950119106175,0.824508456647503,-0.421863253917801,4.65941970643034,0.349388461887759
"1993-10-01",3.85236301369863,3.00477854606616,-4.4915,2.74898292312672,-0.661526309704236,1.70756501944562,1.71002428727208,3.70134420327208,-2.99865579672792,-18.2293167002225,-20.9705793669098,-19.4341212684033,-26.7022715346396,-36.1276161625538,-2.5276161625538,0.942862406569102,0.999769783330092,0.854295805559435,-0.406997267086241,4.67301573288316,0.366862870326222
"1993-11-01",3.75555555555556,3.08489939884961,-4.022648,2.78190261368483,-0.639307188940855,1.71965722434833,1.36173302781926,3.63984285181926,-3.06015714818074,-18.1984760416667,-20.9486664882017,-19.4301805420343,-26.541313940559,-35.5854250960902,-2.28542509609019,0.81536954447174,0.786897572437544,0.728642395190761,-0.392582482277151,4.68098705428954,0.403396302939053
"1993-12-01",3.33469696969697,3.04517918717531,-4.232457,2.75644675022957,-0.643720626127532,1.70849446602691,1.12762702937421,3.51880480237421,-3.18119519762579,-18.2091263655609,-21.0145927652421,-19.4240434845512,-26.6513344812051,-35.6854250960902,-2.4854250960902,0.505251760473006,0.853259762101839,0.523365566034194,-0.3996482227866,4.6996891437679,0.380762495467793
"1994-01-01",3.30571715391613,2.96538246523961,-4.257655,2.74877619259872,-0.614909159507057,1.70798845453629,2.23006031917998,4.52558089517998,-2.37441910482002,-18.20926005437,-20.9671815454955,-19.4424315281263,-26.5857331071218,-35.6166608302358,-2.3166608302358,0.66694817963998,0.638367976639404,0.521559247912605,-0.400318553955285,4.7134997895389,0.386350244248482
"1994-02-01",3.34970870072965,3.23467560542647,-3.717032,2.72266204257921,-0.671796805205027,1.70174152581802,2.05070914639593,4.12455491439593,-2.47544508560407,-18.2363026569157,-21.0019355156692,-19.458797021653,-26.7330650819667,-35.4057054979179,-2.30570549791791,0.690091892811551,0.8767071801004,0.61319340877352,-0.391501401090778,4.66627563336586,0.376036297417352
"1994-03-01",3.28720149253731,3.48450009229534,-3.855067,2.70678350864405,-0.693652057531107,1.68482104571278,1.9019906073866,3.6309603003866,-2.5690396996134,-18.238826661017,-21.051456924139,-19.482172479486,-26.5236005428825,-35.5947501656,-2.29475016560001,0.603153711206998,0.951820616355653,0.488405863431587,-0.400050475406666,4.65488753923247,0.357114847167118
"1994-04-01",2.9975,3.66425848172138,-3.509155,2.71283146850538,-0.709235284958513,1.70192691054086,1.40658821207097,3.30757989707097,-2.99242010292903,-18.2100718235921,-21.0626188747537,-19.44703471435,-26.4854330001996,-35.7103680326728,-2.7103680326728,0.694729769487151,0.894365480898268,0.649438704235466,-0.393594935537677,4.63941991037795,0.363461860627706
"1994-05-01",3.18882352941176,4.12429929457665,-3.08016,2.69173044036541,-0.700259108005646,1.67210953427763,1.14591431438676,2.92312489638676,-3.07687510361324,-18.2502819488586,-21.072918250139,-19.4925129147026,-25.8928410718588,-35.7681769662092,-2.86817696620919,0.760291894852438,0.733004225464396,0.636512756448852,-0.408261195410166,4.64201596583388,0.345361184038459
"1994-06-01",3.28379907648338,4.12411140935408,-3.41469,2.67104407992693,-0.723589056175815,1.65990406964573,1.67722826910536,3.52212588110536,-2.47787411889464,-18.2782871074276,-21.0537183223821,-19.4884911422829,-25.8206288964892,-35.1572216338912,-2.6572216338912,0.953305503151565,1.07115832052614,0.878831288129454,-0.422780985873396,4.63012032639094,0.316779603275477
"1994-07-01",3.29385714285714,4.31345268931891,-4.33152,2.65066539862207,-0.766089276597629,1.65088620299471,1.70262960658412,3.38037672958412,-2.71962327041588,-18.275245032598,-21.1144687959107,-19.4945936879427,-25.6365591534357,-34.5884573680369,-2.08845736803691,1.11048119057508,1.18677951397807,1.01169380602059,-0.436123629061957,4.5894980165938,0.280581925961474
"1994-08-01",3.19713768115942,4.46370028537008,-3.77077,2.65036006893189,-0.745565082260018,1.65219366691612,1.44819875080173,2.88160225380173,-3.01839774619827,-18.2792965834935,-21.0841028259792,-19.5057323228912,-25.7298731021631,-34.7353109692554,-2.23531096925539,1.08758405116912,0.923596825108441,1.13481380688694,-0.433209968416723,4.60457400830949,0.27641888017307
"1994-09-01",2.98630597014925,4.6035078557884,-3.946567,2.62136659954557,-0.762344324458848,1.62982351285444,1.24378259816655,2.58664890816655,-3.11335109183345,-18.3239473821328,-21.097850390985,-19.5229119529861,-25.5969872601328,-34.866546703401,-2.166546703401,1.06960185781243,1.15115922730301,1.12513300919616,-0.448588452490251,4.59283744945888,0.254021870959146
"1994-10-01",2.70619230769231,4.93343721086291,-3.772752,2.60038692526993,-0.758844061658582,1.61194171043501,1.07053122140264,2.36190260440264,-2.93809739559736,-18.3446725611865,-21.0810770691208,-19.5363560342552,-25.4818467114341,-35.3243556369374,-2.02435563693739,1.19898066019003,1.10186669376016,1.18771016923255,-0.473995650515273,4.58856304767438,0.234914006913125
"1994-11-01",2.57376409103926,5.27338501081147,-3.800224,2.61997636224815,-0.756811428369726,1.61843140894447,0.8590141611714,2.4241627261714,-2.9758372738286,-18.3550596948261,-21.0742998054372,-19.5321950106623,-25.3912032469255,-34.9399735040103,-2.03997350401031,1.14602298268192,1.02502365733801,1.17806943219556,-0.463230744958307,4.58541635750123,0.258973908315037
"1994-12-01",2.83302715793785,5.58373965886223,-3.627504,2.64288151020301,-0.755817010416568,1.63930557076277,0.61836826195018,2.35704550795018,-3.04295449204982,-18.3219375420976,-21.1370712865797,-19.4830748673989,-25.3762953145886,-34.6399735040103,-2.3399735040103,0.741592262293427,0.997048914549152,0.710417090058294,-0.443852140512868,4.60699252452013,0.284351532355325
"1995-01-01",2.44,5.69367179199326,-3.910806,2.61374312288344,-0.743188478565649,1.63411378854743,1.61130165172518,3.14487866372518,-2.05512133627482,-18.3670899243072,-21.1160167298097,-19.5061464469274,-25.7516673431296,-34.3868271052288,-2.0868271052288,0.979813377413918,0.696677378299908,0.956550553217235,-0.45400127176823,4.60282744390961,0.251769880102533
"1995-02-01",2.28532258064516,5.75341761946643,-3.96068,2.60248497610718,-0.764011194986779,1.62491605289372,1.34915344633697,2.71469641033697,-2.28530358966303,-18.3872333252017,-21.1189151617983,-19.542765444731,-26.2935112827655,-33.8336807064472,-2.0336807064472,0.705350497777107,0.918071284526729,0.74854675393692,-0.452348694007015,4.58738089057841,0.240197305880037
"1995-03-01",1.74285714285714,5.71200389749844,-4.047222,2.52908551643269,-0.850954097517825,1.58713542507904,1.31440852054261,2.35357492654261,-2.24642507345739,-18.4611428778474,-21.2374827758624,-19.60988791972,-26.137715300094,-33.5227253741293,-2.1227253741293,0.74470169995446,1.07413433143021,0.840732578773371,-0.470128621433887,4.50556640184263,0.157772683872542
"1995-04-01",1.75428571428571,5.63953273708171,-4.974253,2.50523351955376,-0.928111909389536,1.5949078941149,1.35139480862553,2.37763132162553,-2.22236867837447,-18.4754734957658,-21.3221688797563,-19.5716452119669,-26.0024922640474,-33.6117700418114,-2.3117700418114,0.831135363939903,0.979607009504128,0.723299538678016,-0.474555752592958,4.42711352159749,0.129623767793506
"1995-05-01",1.42218784641861,5.65970776394122,-3.981392,2.52492377518587,-0.898992115055528,1.59830770218345,1.30167009991533,2.29744359491533,-2.20255640508467,-18.4902087719062,-21.3261936973068,-19.6003598636453,-25.706266794663,-33.6851968424206,-2.48519684242061,0.93258056339908,0.858976603105638,0.860223493866048,-0.462097457674638,4.44397626063743,0.156405279164136
"1995-06-01",1.237,5.45964973326795,-5.087576,2.53497348474444,-0.905233496199834,1.59625681169073,1.80311403722225,2.74379530522225,-1.65620469477775,-18.5024022135132,-21.3138751514205,-19.5990246697363,-25.7580918522368,-33.4586236430298,-2.4586236430298,1.04711368017413,1.11996508563041,0.924996828268087,-0.466748336525063,4.438353800345,0.147384986913058
"1995-07-01",0.624212430020699,5.41140702770118,-5.10832,2.54090923535306,-0.864564487934242,1.58995217036107,1.87722778941526,2.81133758741526,-1.88866241258474,-18.486665818098,-21.3074522616908,-19.6107832017372,-25.6973668745179,-32.9586236430298,-2.25862364302979,1.23660676634905,1.13373648477394,1.09485988138157,-0.466999120225437,4.47046095712958,0.144619689609943
"1995-08-01",0.86804347826087,5.39207289976704,-4.909544,2.57996800540603,-0.773405023302725,1.60724715066751,1.59171304623103,2.21538580223103,-2.18461419776897,-18.4698187279005,-21.2244859480113,-19.6373065822268,-25.8138410473758,-32.8898593771755,-2.38985937717551,1.07121654830113,0.896704577779266,1.01569272561606,-0.449035322809539,4.5511183534883,0.17914986562832
"1995-09-01",0.177969547492734,5.27628029101253,-4.91586,2.57080235107838,-0.722403045308301,1.60752802493334,1.48399279687881,2.04504330487881,-2.15495669512119,-18.4930137272824,-21.1818884356382,-19.6568851845483,-25.7645903237055,-33.3632861777847,-2.5632861777847,0.99609273941441,1.05325243659455,0.94653357170529,-0.444044590075639,4.61061036136337,0.17126060943453
"1995-10-01",-0.708028709994082,5.27629111752397,-5.023687,2.53022356061265,-0.709552165321341,1.59689627402317,1.1752795526866,1.9165682676866,-2.1834317323134,-18.5627742522244,-21.1834717147258,-19.6585705694521,-25.455540796611,-32.8523308454668,-2.2523308454668,1.10402502412469,0.887918367928654,0.990018470743826,-0.456094849059486,4.61352518557083,0.135666611421533
"1995-11-01",-0.576176470588235,5.3563311752011,-4.39,2.52582098535539,-0.695615599422251,1.60185481696188,1.13209886006807,1.93182076006807,-1.96817923993193,-18.6023748504852,-21.1808517176193,-19.6527068580263,-25.4304473951275,-32.5945219119304,-2.29452191193039,0.940065477467519,0.826529706474689,0.956692164624625,-0.446287102628419,4.6243844049119,0.134268620805034
"1995-12-01",-1.28818965517241,5.13632791520822,-4.44191,2.54081334053295,-0.714760347737094,1.59457735360535,0.93630893392181,1.97444588292181,-2.12555411707819,-18.5672612265903,-21.2596518963677,-19.6238305707037,-25.4977831741327,-32.636712978394,-2.736712978394,0.630487574992604,0.83699695019003,0.662348921812718,-0.432107039054586,4.6234962334806,0.151088854362856
"1996-01-01",-1.28710471791938,4.99646340379418,-4.188088,2.54240352314193,-0.655114037295174,1.58256744867282,1.79487342148124,2.74122658648124,-1.15877341351876,-18.5808378764042,-21.2206770026553,-19.6413054585852,-25.3757720329571,-32.1569933802217,-2.2569933802217,0.983420890947712,0.625487386880878,0.944416728184433,-0.424483113943926,4.66109105660944,0.167038699929437
"1996-02-01",-1.54423076923077,4.82646462736794,-4.18632,2.55335807028778,-0.653112937039932,1.56715649978387,1.43223591785441,2.51851490785441,-1.48148509214559,-18.6000109845242,-21.2166692853801,-19.6703407247212,-25.309821189169,-31.7460380479037,-2.3460380479037,0.661190265061976,0.660531718070778,0.566287537002551,-0.42918163472548,4.66143709144139,0.179567768597334
"1996-03-01",-1.14711180802279,4.95646969983009,-3.89718,2.5515596133503,-0.656797226201668,1.56741765078648,1.31990590439581,2.28417875239581,-1.61582124760419,-18.6075298517734,-21.2480061132572,-19.6884327800267,-25.1323044645428,-31.6085095161951,-2.20850951619511,0.594624963265652,0.80474123831354,0.54265647032915,-0.423370511976999,4.66287289611638,0.178899039992625
"1996-04-01",-0.983666666666667,4.94651117775736,-3.82764,2.5667808608461,-0.64265151265063,1.57336036465679,0.90499049167874,1.83739999067874,-1.96260000932126,-18.5784635960405,-21.242209221705,-19.6667490383974,-24.9672142527644,-31.9553631174135,-2.3553631174135,0.885330984497729,0.667734234622384,0.782516417714366,-0.41607528722018,4.67469158444672,0.197210169287705
"1996-05-01",0.583095238095238,5.01648305519064,-3.813616,2.59628926150024,-0.644779921385176,1.56508239423082,0.92522943364538,1.70865662664538,-1.99134337335462,-18.5572323970336,-21.2727417370737,-19.6905800242886,-24.5085917071238,-32.0287899180228,-2.5287899180228,0.962517313423661,0.664291423364538,0.868386476541396,-0.415547443449677,4.66666313658031,0.226258694214355
"1996-06-01",0.431768292682927,5.08656754772394,-3.435048,2.61107430561393,-0.633175157660375,1.54093488873612,1.10392330191231,2.02072461891231,-1.77927538108769,-18.5480895867386,-21.2350542876706,-19.7369688881653,-24.6431093319598,-31.6865988515592,-2.5865988515592,0.893939640531307,0.810172385689942,0.692806859825733,-0.43282083811802,4.6909808424012,0.22944366386269
"1996-07-01",0.404451219512195,5.14657480614227,-3.40703,2.59561929754653,-0.617961626176307,1.52765696574631,1.23725766203366,2.29884438003366,-1.50115561996634,-18.563526460666,-21.2491108948576,-19.7382419170314,-24.3897193214901,-31.4600256521684,-2.06002565216839,1.41860003709243,1.04689437298559,1.31049868162665,-0.44018854416655,4.69309772650506,0.208638865111328
"1996-08-01",-0.314445211337643,5.04653273184574,-3.489949,2.57850328318911,-0.627690364610473,1.52984759338664,0.59644643073846,1.61654132473846,-1.98345867526154,-18.5939695649681,-21.2614266271166,-19.7350153210327,-24.4974988184349,-31.2334524527776,-2.33345245277761,1.15895607281234,0.834850008488124,1.15231457383345,-0.438190412720868,4.68088878895079,0.18473530801789
"1996-09-01",-2.17333333333333,5.08659786593409,-3.564115,2.59930774576303,-0.603083836331695,1.51839965720751,0.4404045990437,1.5351602340437,-1.9648397659563,-18.6063594836355,-21.2494299033119,-19.8019428388492,-24.3394169528051,-31.4224971204597,-2.4224971204597,1.2552498936508,1.05173790988573,1.26021535209939,-0.444237002608703,4.6998528962473,0.210504007767746
"1996-10-01",-1.1723275862069,4.98667296194456,-4.305718,2.62056860068123,-0.568834942060121,1.51240318181155,0.09864714791712,1.40595396091712,-1.99404603908288,-18.613623294273,-21.2284706637628,-19.7948978854516,-24.2733667228016,-31.4115417881418,-2.3115417881418,1.28202928607465,0.93887152855908,1.32840527216543,-0.461404260432273,4.72217336207748,0.229999992110696
"1996-11-01",-0.545984848484848,5.02666951034678,-5.159899,2.62758464178292,-0.569235795781672,1.44496004057058,0.0534385398603501,1.80700983086035,-1.39299016913965,-18.6304102063789,-21.2325817989702,-19.8544262908906,-23.9793277501599,-30.984968588751,-2.284968588751,0.960588509022943,0.805005521659647,0.927344463207396,-0.508202185559277,4.7211364612231,0.243103029053813
"1996-12-01",-1.02633333333333,4.90671875137084,-5.339624,2.68150688965736,-0.560776673315164,1.47169191749281,-0.29107376083669,1.81500214316331,-1.38499785683669,-18.5662131553614,-21.2840175220659,-19.8272572452993,-24.0512833702392,-31.084968588751,-2.484968588751,1.01175435725223,0.933099264376706,1.04881293437412,-0.509164244439324,4.7360317678374,0.284426779731108
"1997-01-01",-1.39642178507593,5.02682815378196,-4.804905,2.70776069818713,-0.506349503564824,1.45485105615319,0.29240970162813,2.46654317862813,-0.33345682137187,-18.5593594138973,-21.2455147502914,-19.8511420752582,-24.1441516989467,-30.7740132564331,-2.0740132564331,1.14618983570468,0.702531875078876,1.22368681801341,-0.50591357940497,4.76994197588911,0.330238561865694
"1997-02-01",-1.31857142857143,5.00695841238886,-4.353456,2.74576842581648,-0.460448102880523,1.46235035804429,0.0492634335000597,2.14520977550006,-0.25479022449994,-18.5439393781191,-21.1955414555485,-19.8608606557061,-24.0932081737113,-30.3630579241152,-1.96305792411519,0.829960063856033,0.744999003515891,0.827519930135737,-0.485876978402026,4.81187617780929,0.374387152537303
"1997-03-01",-1.07433333333333,5.13695374746078,-4.581984,2.7706149496175,-0.461030796597186,1.46807003967965,-0.0641482129288899,1.91903390307111,-0.28096609692889,-18.5160815529179,-21.2336751803295,-19.8905069237543,-23.7929559446457,-30.2942936582608,-1.89429365826081,0.667683337839843,0.679206199486758,0.57794136141563,-0.475985700923283,4.81034363790076,0.380762495467793
"1997-04-01",-1.33784482758621,5.15702318651169,-4.827609,2.76879550787455,-0.434359712149927,1.46985751378983,-0.541364423578401,1.4182574794216,-0.6817425205784,-18.5265243020396,-21.2196690773871,-19.895137534505,-23.7964312262904,-32.2099115253336,-2.1099115253336,0.905440415881253,0.827357602557133,0.817282646646458,-0.488150474726772,4.833402368231,0.379668553064154
"1997-05-01",-3.94166666666667,5.04686221604733,-5.085962,2.74144949250582,-0.492849422615674,1.44563458038147,-0.55127172019239,1.05259528680761,-0.54740471319239,-18.5850906715831,-21.2918212094501,-19.9485849620136,-23.5542783299821,-32.4521025917972,-2.4521025917972,0.915207408083814,0.802723853191109,0.830321235379502,-0.489928798053005,4.78073899420933,0.359839930081889
"1997-06-01",-2.49989130434783,4.92672749959094,-5.630258,2.76841531703745,-0.532867143329266,1.42029978326482,0.10066197852267,1.71757340952267,0.11757340952267,-18.5652223922443,-21.3142492053945,-20.0382295595118,-23.5614309016033,-32.36772045887,-2.46772045886999,0.973990271556693,0.933767630279189,0.790051709703808,-0.497679592095975,4.73870145361261,0.36630839290697
"1997-07-01",-2.0215,5.04675842181946,-6.185062,2.80906573155463,-0.511539425571765,1.40085569578016,0.0556282452617598,1.69404097526176,-0.10595902473824,-18.5414217260585,-21.3137052045725,-20.0675812874955,-23.3778613255282,-31.8833383259429,-2.28333832594291,1.40596001210242,1.15691369371539,1.3109637741183,-0.512464280434499,4.74819549344265,0.393662395989013
"1997-08-01",-2.69772727272727,5.13682861370565,-5.95622,2.84742196925144,-0.48152744552382,1.45030329572437,-0.184352602595379,1.20894339340462,-0.39105660659538,-18.5147378382794,-21.2786526794954,-20.0061063283215,-23.4519488953917,-31.8567651265521,-2.4567651265521,1.13160949456916,0.952379909530067,1.15027278475374,-0.472188740151072,4.77008698828962,0.413962238362111
"1997-09-01",-1.91997549019608,4.94690627843494,-6.09897,2.82314362099256,-0.445246028600728,1.51203421836643,-0.16649700762676,1.12701203637324,-0.27298796362676,-18.5549970362293,-21.2589210353222,-20.0317165488731,-23.2814950638726,-32.3880008606978,-2.4880008606978,1.37954560342199,1.19505785878048,1.39523096413457,-0.470815799346294,4.7948810412139,0.38539844595785
"1997-10-01",-0.920331227064572,4.96691063559129,-6.2977,2.81216367239014,-0.43443171684082,1.47197265610931,-0.36182730572608,0.82827771627392,-0.27172228372608,-18.5788539316693,-21.2494665129322,-20.0422942397894,-23.1194890606775,-32.5192365948434,-2.4192365948434,1.36408215305891,1.19525613506674,1.33744698069698,-0.490418813988328,4.79629042063839,0.372666396356778
"1997-11-01",-1.04488104509014,5.13701710855731,-6.901857,2.78955622363894,-0.398204962786139,1.43747449948449,-0.49027063935661,0.86728859464339,-0.23271140535661,-18.6127203578819,-21.2201535255439,-20.0806580548234,-23.1347464627192,-31.861427661307,-2.461427661307,1.03428513849333,0.952388622369535,0.882481732207493,-0.524077429441739,4.83136268453521,0.341388702401031
"1997-12-01",-2.36666666666667,5.15711718044832,-6.640467,2.81993638733044,-0.371334775669322,1.46878281260474,-0.57464365248774,1.01053464451226,-0.18946535548774,-18.5773819056853,-21.2471851264047,-20.0217480432668,-23.2635542340103,-31.7458097942342,-2.6458097942342,1.08363519296996,1.04479787061255,1.12505889540573,-0.506636863144536,4.86548697118435,0.364156884286488
"1998-01-01",-3.47776315789474,5.03711302803991,-5.96355,2.84499501469145,-0.35739903839854,1.47860868710236,0.22472931245041,1.56355621145041,0.36355621145041,-18.5897513101585,-21.2507613459393,-20.0340360889374,-23.1034878799693,-31.5192365948434,-2.21923659484341,1.04768446202076,0.772005218355899,1.0082214453027,-0.491642804349217,4.86404760925341,0.388522387377852
"1998-02-01",-4.54,5.08702824596588,-6.346376,2.83682764000009,-0.386604238377561,1.46303182983419,0.179647353953199,1.2543531559532,0.2543531559532,-18.6475883186702,-21.2711281682593,-20.0618905757314,-23.0889229455362,-31.2926633954526,-2.29266339545259,0.938802318010438,0.989236773872383,0.756726715752824,-0.495183927776034,4.83510343504838,0.38055747240198
"1998-03-01",-2.2747652323529,5.02710262367497,-6.752871,2.86620634920167,-0.342671298228865,1.45379669615376,0.44470241021224,0.71941229921224,0.41941229921224,-18.6097377705867,-21.2602668898786,-20.1126380662826,-22.8948665057672,-31.5660901960619,-2.36609019606189,1.1217176851081,1.07839029959821,0.984410358635336,-0.50796152615134,4.8604501854322,0.398843231799277
"1998-04-01",-2.11283163265306,4.94716136788672,-6.639039,2.88147402430001,-0.229191616110153,1.45220724604842,-0.0710509832485098,-0.22176694224851,-0.421766942248509,-18.5796071430111,-21.2417108579975,-20.0821444762519,-22.805463751003,-31.6395169966711,-2.63951699667111,1.3407387932753,1.20313297296846,1.2358170859637,-0.51419992440494,4.88093351152634,0.40885934117618
"1998-05-01",-1.62509259259259,4.99722749377298,-6.565692,2.87112850527052,-0.213165401149602,1.45025995813984,0.31105452360447,-0.158212089395531,-0.25821208939553,-18.5990925300443,-21.2342116725984,-20.102878174665,-22.4901561282276,-31.8129437972804,-2.8129437972804,1.24108688399444,1.11855176135943,1.04659874536166,-0.493598078099365,4.90450411118032,0.391366183728663
"1998-06-01",-0.440851449275362,4.97733486305543,-7.166944,2.89633426676991,-0.171060671752958,1.44766654051891,1.15671849954218,0.46768633954218,0.367686339542179,-18.5761410589245,-21.175401001954,-20.1323536529622,-22.5143037427128,-31.3285616643532,-2.6285616643532,1.41000569161089,1.21257995013815,1.23142219194223,-0.501017682774905,4.9440003547867,0.402059314973331
"1998-07-01",-0.93794057509748,4.95734351227454,-7.03901,2.9105899188674,-0.164853069308805,1.44138794048646,1.26551847019953,0.64436661819953,0.24436661819953,-18.562843547191,-21.1893192106566,-20.1069413653792,-22.3071796335454,-30.644179531426,-2.34417953142601,1.76045813480587,1.44578591497707,1.58663014412429,-0.496949798230343,4.94725095108323,0.414490919315477
"1998-08-01",-1.84551202618268,4.89741498479403,-6.70282,2.91149819881683,-0.123785733340313,1.46079234132623,1.1163721064471,-0.00884643655289974,-0.108846436552899,-18.5886615515762,-21.1549238055999,-20.0940723963138,-22.4824936819264,-30.4597973984988,-2.45979739849881,1.57478487132343,1.22025327743618,1.54105120641615,-0.49115338796847,4.9745244070839,0.400988436081086
"1998-09-01",-1.86240258134187,4.60869869609349,-6.745525,2.86519604811662,-0.186191580355278,1.43744969647815,1.16378384975381,-0.09068281724619,0.00931718275380966,-18.6571692432887,-21.2197219896182,-20.1532516529331,-22.3251620667642,-31.1754152655717,-2.6754152655717,1.62007537759298,1.45443813574743,1.45892334068227,-0.520161904742978,4.90141920711843,0.336472236621213
"1998-10-01",-2.89101368159204,3.95855429967798,-7.155264,2.82443983243514,-0.28631618501548,1.44334839583115,1.0561371455878,-0.154407910412201,-0.0544079104122002,-18.7298952338371,-21.3182002292545,-20.1513156028301,-22.1382101234589,-31.7066509997173,-2.50665099971731,1.59561892529286,1.42954330453754,1.47616622705079,-0.527328695865005,4.79619211784837,0.290652655896614
"1998-11-01",-1.24428571428571,4.40854517642853,-5.955264,2.85755280165117,-0.278533832646843,1.47173246564456,0.8738387621396,-0.2521331248604,-0.0521331248603998,-18.6927715669805,-21.3183842769813,-20.1402481107547,-21.9900252760304,-31.6066509997173,-2.6066509997173,1.3762100141515,1.14697983571551,1.23050809287653,-0.507480033514894,4.78990133737584,0.32584453354613
"1998-12-01",-2.24156236089414,4.38850517934004,-4.899648,2.86286025955371,-0.318224510742251,1.48927224890231,0.605651442544299,-0.162025316455701,-0.2620253164557,-18.6639391984843,-21.3878577833737,-20.0834844701906,-22.0127366442405,-31.2488420661809,-2.84884206618089,1.20723239587156,1.2444207755056,1.12899203268848,-0.513302553640883,4.76277973417024,0.307778774150903
"1999-01-01",-2.57366723371629,4.33845529172919,-4.436936,2.87452623808334,-0.337432399826891,1.51013561254781,1.35182860948276,0.22761191248276,0.32761191248276,-18.6952596854279,-21.4172083971943,-20.1032831734417,-22.0309178498905,-30.5800778003266,-2.4800778003266,1.37578257161119,1.10282524883155,1.12760416975441,-0.500654068444494,4.7299509028854,0.326133258826034
"1999-02-01",-2.62207139037942,4.43936572370925,-3.77938,2.89991190485805,-0.3051105837549,1.52222652892112,1.42564660657654,-0.10506656942346,0.29493343057654,-18.706490296778,-21.3884765661196,-20.1138579570705,-22.2552293025521,-30.0956956673994,-2.4956956673994,1.42949368055088,1.21172090560251,1.25403824907119,-0.487106537145398,4.75933572284784,0.355714482843608
"1999-03-01",-2.68492482845081,4.43938061319294,-3.455731,2.93400373933837,-0.276448617127969,1.51995935007658,1.30845381399405,-0.841851400005949,0.0581485999940501,-18.6531785497385,-21.3989574226186,-20.1303901746384,-22.1400822820524,-29.9847403350814,-2.6847403350814,1.60557331278724,1.44693090047302,1.4915021456717,-0.483228296573886,4.78309040442036,0.38253760346446
"1999-04-01",-3.91943816365155,4.2893821609838,-3.625788,2.95632934218894,-0.273347436330504,1.53010506279044,1.23218881302387,-1.04345157397613,-0.14345157397613,-18.6501559515969,-21.4032049497136,-20.0943222357625,-21.7868442564813,-29.9784475375184,-2.47844753751839,1.59888877713306,1.3307100126987,1.44920784167536,-0.475550715674852,4.78559244024836,0.403529903473654
"1999-05-01",-3.78450325027117,4.49972950708814,-3.447768,2.95988778792746,-0.256631834670767,1.51223993163818,1.27681777737964,-1.10077107862036,-0.20077107862036,-18.6622412293984,-21.4147027477903,-20.123469911686,-21.5806178591546,-29.9784475375184,-2.67844753751839,1.72421801988403,1.32405610146017,1.7062968660443,-0.479582604026059,4.8040169463642,0.410651634795464
"1999-06-01",-2.97749998862213,4.56965210044357,-2.94245,2.99734479565069,-0.272108023391763,1.53189607904735,1.93207743549716,-0.51667337750284,0.383326622497161,-18.6361110842086,-21.4184401323038,-20.1507990467358,-21.6882531306268,-29.6784475375184,-2.5784475375184,2.11463147946863,1.68416919738718,1.99901239580021,-0.466873736236808,4.7935110901068,0.430092677932895
"1999-07-01",-3.5413722691462,4.54960613589987,-3.104986,3.0065988005298,-0.282232413279058,1.54898575679985,2.01642834355114,-0.395193219448861,0.40480678055114,-18.6341039758462,-21.4476172711576,-20.1249487705253,-21.5005541727544,-29.0674922052005,-2.06749220520051,2.37014576762324,1.87541542099575,2.24326478677227,-0.454318762325553,4.78189695443396,0.436576103133217
"1999-08-01",-3.83644570481549,4.71972621322867,-3.052072,2.9902971430538,-0.321276846870564,1.53206203578525,1.77559357355546,-0.708783555444541,0.0912164445554602,-18.6607516305453,-21.4952127854877,-20.1562397456471,-21.7861836845278,-29.1987279393461,-2.09872793934609,2.24425671988633,1.63254791010584,2.24350832045077,-0.473622074768447,4.72939288686504,0.411645967183246
"1999-09-01",-0.957062663185379,4.67980350913963,-3.947157,3.00685530331744,-0.378559937783397,1.52784593759439,1.73852502777212,-0.71187053022788,0.0881294697721202,-18.6503908374956,-21.5546044162884,-20.1857504645425,-21.6230779611605,-29.1611994076374,-1.96119940763739,2.1750226746525,1.85369102844951,2.1732776547159,-0.485323183353568,4.6716617986002,0.422780985873396
"1999-10-01",-0.952555012224939,4.85945264945973,-3.8403,2.99267417197522,-0.380680930586866,1.51901304743745,1.54610837256576,-0.92728733243424,0.0727126675657601,-18.6778921502587,-21.5607130641133,-20.1991410477402,-21.495510899614,-29.2346262082467,-1.8346262082467,2.243029820018,1.80453512935747,2.16288238143039,-0.50512943122111,4.66310885090854,0.398507627540666
"1999-11-01",-1.36124276112308,5.06929287089638,-3.372805,3.04556794950381,-0.372209681612798,1.54149306901065,1.4912119912436,-0.6251665427564,0.0748334572436002,-18.6367377695363,-21.5587858106864,-20.1842744574944,-21.3651642599317,-28.5924351417831,-1.89243514178311,2.33291836782839,1.65394199099447,2.25364480412609,-0.482734743599465,4.65060711529669,0.441025283506715
"1999-12-01",-1.42949737153904,5.1960032870527,-3.866184,3.08590681264105,-0.395296509982483,1.58030844508382,1.27119245436832,-0.71505439663168,0.08494560336832,-18.5497371972674,-21.6074698812639,-20.1235541869091,-21.677038204419,-28.2924351417831,-2.0924351417831,1.91163850253091,1.63190442763213,1.91855428783769,-0.478219784017076,4.6306848995852,0.460016422712668
"2000-01-01",-0.659568793997194,5.31935420148914,-4.128704,3.0946910008874,-0.345441654368631,1.57285883835688,2.15718591452597,-0.295935908474029,0.50406409152597,-18.5919859980427,-21.5887377905578,-20.1883248974504,-21.5805757924483,-27.9814798094652,-1.38147980946519,2.06311400244337,1.46217639456959,1.93916538354796,-0.494940114535767,4.65677543171376,0.463922677679733
"2000-02-01",-0.0197600867848648,5.54954291356038,-3.794,3.13119771189157,-0.303503345647407,1.58177291904422,2.20845359063496,-0.64421249336504,0.45578750663496,-18.5780300531422,-21.5565398479609,-20.1947597720379,-21.5074113582796,-27.2595691448293,-1.15956914482929,2.14255067125376,1.75234935600032,2.05736910114185,-0.470003629245736,4.69490576563253,0.491520472707985
"2000-03-01",0.70438704028021,5.68891823146836,-3.536616,3.16769833361272,-0.331584209347987,1.57462696417425,2.21834613794655,-1.11557208005345,0.38442791994655,-18.5339571734939,-21.603744932605,-20.2053366242268,-20.8849328388041,-26.8688942143391,-0.768894214339099,2.38939240022858,1.89678787497254,2.44858732048689,-0.457361553896666,4.66633489722409,0.50898392888662
"2000-04-01",1.3070484621978,5.6594414306948,-3.770508,3.17647926499146,-0.334013868858559,1.57452528774088,1.7808059338235,-1.6027453711765,-0.0027453711765002,-18.5178865790425,-21.6298906707529,-20.1929748419767,-20.9240396966842,-27.0267031478755,-1.02670314787549,2.22181812531449,1.80963191073605,2.10613346948264,-0.458879484742801,4.65991402040932,0.510245455500925
"2000-05-01",1.03658227848101,5.7896584210745,-3.18855,3.19733528529026,-0.303089983299248,1.5886039273623,2.0998558391189,-1.1320110928811,0.2679889071189,-18.5099719415653,-21.6243799835006,-20.1962917046155,-20.793840518375,-27.0423210149483,-1.14232101494829,2.55655108019032,1.76987185007825,2.55260494243178,-0.411447179785712,4.68509442510604,0.541742726400712
"2000-06-01",1.41531767551749,5.6891331018464,-3.13882,3.18087418762642,-0.329692325436014,1.58873645964553,2.50850225009479,-0.72029935790521,0.67970064209479,-18.5299125824824,-21.627938801726,-20.2142206941039,-20.7608794263583,-26.462601416776,-0.862601416775988,2.55847095517385,2.02707912948429,2.58331676128111,-0.411579709108018,4.66462235604562,0.495915011030236
"2000-07-01",1.50104651162791,5.9584105201388,-2.844384,3.1902292171269,-0.300263536120926,1.60243854954283,2.57240698462751,-0.47722063037249,0.72277936962751,-18.5080967016564,-21.6124178867231,-20.2093338428055,-20.6613873527626,-25.9938371509216,-0.393837150921598,2.93364640512126,2.17304975433269,2.82043928071997,-0.410518982410843,4.68408764542261,0.501926140578958
"2000-08-01",1.59087831337637,6.08698372692921,-2.634954,3.23588065029937,-0.28721953273071,1.61606895153547,2.52407287709148,-0.66183556790852,0.63816443209148,-18.4832951292243,-21.6012585477399,-20.2008629386536,-20.4192825316118,-26.2938371509216,-0.393837150921598,2.77006337111226,1.93190799083327,2.86364599219165,-0.398037592279368,4.68287539460735,0.539354769879964
"2000-09-01",1.74399581589958,5.99676143676144,-2.271872,3.27591194735836,-0.300764003031539,1.66274570455677,2.19915658252962,-1.12168989547038,0.37831010452962,-18.4561057717823,-21.6030668377677,-20.1927028816216,-20.5073738501706,-25.8141175527494,-0.514117552749397,2.76426939066233,2.16733697504578,2.73387763019574,-0.360188763238529,4.67130898849214,0.564518037962765
"2000-10-01",1.58140929380497,6.10664339481884,-2.201938,3.28259563137582,-0.273185169342479,1.64389765526098,2.05004143982393,-1.15499551517607,0.34500448482393,-18.4598849579363,-21.5917972287978,-20.2090856902282,-20.2803211868293,-25.6875443533586,-0.387544353358592,3.0862353317842,2.14453868942503,3.14516722516815,-0.371977263947175,4.68622376717218,0.573518693104414
"2000-11-01",1.56649299776042,6.16647737123829,-1.871512,3.27991605706626,-0.259383025372529,1.66039358991572,2.10503110527278,-0.92987642372722,0.57012357627278,-18.4913817425791,-21.584752920225,-20.1889992329132,-20.6846723869628,-25.345353286895,-0.545353286894994,2.71344299270557,1.87775801048283,2.75893833576124,-0.354733059701391,4.69143503439459,0.575432892540389
"2000-12-01",1.45605341246291,5.76334277999091,-2.436869,3.2431660043497,-0.230536942887593,1.6546833962086,1.94170343360394,-0.89178498839606,0.40821501160394,-18.4999754179417,-21.5906680047608,-20.2031698791811,-20.6562992403652,-25.4875443533586,-0.587544353358595,2.32093001578796,1.72005231934486,2.32090853895049,-0.380420767001903,4.72036320377538,0.522062255691978
"2001-01-01",1.77672514619883,5.14705156082999,-2.961475,3.20923762163952,-0.164761233740926,1.64748065226912,2.88193845066128,-0.18641169333872,1.21358830666128,-18.5589233431043,-21.5529513964318,-20.2355388425399,-20.1247142688876,-25.0234426222592,0.376557377740795,2.77741217486434,1.64938505494376,2.76865932848448,-0.390351470298116,4.75936572195215,0.488886716247237
"2001-02-01",1.89405529482284,4.87817608834615,-2.948975,3.23862696190761,-0.157211897746993,1.67277608506587,2.85156663267802,-0.280857686321981,1.11914231367802,-18.5364745976533,-21.546726218658,-20.2331264829076,-19.7021624477011,-24.4281051570141,0.471894842985904,2.02818230952793,1.54610687656497,1.98422520853792,-0.373286209743929,4.75560281958265,0.511984951485837
"2001-03-01",1.85432330827068,4.41950619316078,-3.12029,3.26826242369454,-0.1123208894588,1.65564831196977,2.91242807785163,-0.72491168614837,1.17508831385163,-18.4830556138931,-21.515172701153,-20.2564804727699,-19.6839682984491,-24.0593408911597,0.440659108840293,2.32866834679546,1.72523768722858,2.28005037145032,-0.367763240924153,4.79995541419725,0.525201789710498
"2001-04-01",1.74822834645669,3.86974953745223,-3.37574,3.28412106762018,-0.0821535323591647,1.66834695924888,2.67107309691161,-1.13196233108839,1.06803766891161,-18.4727579861757,-21.5247840160245,-20.2281666961852,-19.648625173159,-23.9640034259146,0.235996574085391,2.38004362370067,1.68020829186897,2.31060725959438,-0.36102546667599,4.81843308402159,0.538304594754276
"2001-05-01",1.95070982839314,3.6199425137269,-3.45544,3.30105339249685,-0.0840569639296014,1.67076851595698,2.64819711144959,-1.10386304155041,0.99613695844959,-18.477172703392,-21.5602073782022,-20.24212438415,-19.8228362654673,-23.7264748942059,0.07352510579409,2.23893106224548,1.3707385218796,2.15844217808225,-0.355223891671418,4.80211923744366,0.56121450929912
"2001-06-01",2.08116140629103,3.48983653586812,-3.57608,3.34041469637083,-0.0839461697452251,1.69698013440558,3.27790920360166,-0.42282097339834,1.67717902660166,-18.4349675458643,-21.5397235001683,-20.2320299831563,-19.8758539576281,-23.2999016948152,0.100098305184801,2.28307822426209,1.63537317807075,2.14795961399173,-0.337899788612398,4.80689396312868,0.579754493204855
"2001-07-01",2.04266457680251,3.50972690346278,-3.535704,3.33252827655632,-0.0534670582182706,1.68736001582086,3.23985230545455,-0.335795454545449,1.66420454545455,-18.4268774312434,-21.5214676227732,-20.2314961114396,-19.9430968222186,-23.2108570271331,0.389142972866907,2.80914427828686,1.84040189452232,2.74201206135541,-0.346988178349188,4.82429045474413,0.56360780920496
"2001-08-01",2.05424244184536,3.35989288686381,-3.337352,3.29087292045718,-0.0741967013947047,1.65997893030015,3.39258548851932,-0.25993070848068,1.84006929151932,-18.4688273989057,-21.5309303517073,-20.2254958534286,-19.4170455831582,-23.6108570271331,0.0891429728669095,2.55675313889273,1.66237922991038,2.49772782263786,-0.362696776257227,4.79881901300772,0.519269870548654
"2001-09-01",1.02639385848738,2.63993255302807,-3.625064,3.27983042274715,-0.0854751116065273,1.65466712102524,3.18739561813727,-0.83747924886273,1.76252075113727,-18.4723146391394,-21.5167959697853,-20.2453142888105,-19.1996749860847,-23.0733284954244,0.226671504575606,2.42072985747385,1.82687114874503,2.39508167733357,-0.38103579418499,4.77585513262543,0.490908589925632
"2001-10-01",0.984736842105263,2.15988472964161,-3.814412,3.26934199947637,-0.0475110200301891,1.66141387392339,3.31000773824361,-0.359609498756391,2.04039050124361,-18.5168661238816,-21.5279652961475,-20.2597307327079,-19.3097052344323,-23.3264748942059,0.07352510579409,2.8550560605781,1.87893108389279,2.89400150994201,-0.371632519571712,4.79953229683678,0.492070847282343
"2001-11-01",0.990017165868829,1.86985294778421,-3.542212,3.27772443758054,-0.0248459483176582,1.67827852317655,3.37439871435894,-0.0587090626410607,2.34129093735894,-18.535211417479,-21.5203693629814,-20.2471295845084,-19.5624989276086,-22.9530480935967,-0.0530480935967006,2.41122616711396,1.60533828677015,2.32491419328886,-0.361582880291315,4.80733930370922,0.501320593751686
"2001-12-01",0.842861286548117,1.68974136816242,-3.830179,3.29407675373406,0.011759893796409,1.70348875713813,3.26306458203941,0.24262530003941,2.34262530003941,-18.516112971459,-21.5061183055358,-20.2102005405252,-19.823051217401,-23.1483855588418,-0.448385558841807,1.88922678845636,1.35250109834912,1.78731791788625,-0.36554548410692,4.84885726653343,0.504767309182027
"2002-01-01",0.671131739760825,1.64996985302596,-3.878292,3.30708979536978,0.0624090022696677,1.72547137432422,4.0260692043077,1.0003860253077,3.1003860253077,-18.4980699703138,-21.4911200641158,-20.2057951317638,-19.771065754852,-22.7796212929874,-0.0796212929873974,2.3008265323292,1.43132182497754,2.19392764909966,-0.359211723590702,4.88796508564173,0.513362403417961
"2002-02-01",0.691348126592764,1.71998503471199,-3.814303,3.3240709874982,0.0730441541012716,1.72593031813923,3.80356709581764,0.597088433817641,2.89708843381764,-18.5044068167509,-21.5044467814494,-20.210596446961,-19.4727467031396,-21.9842838277423,0.0157161722576973,2.12772563659958,1.53754269894018,2.07433767321115,-0.352556474674984,4.89516907255222,0.528861986252089
"2002-03-01",0.466804281345566,1.78998473993026,-3.902,3.31333846195593,0.0480550102526252,1.71169268714775,3.82775845796176,0.26804933296176,2.96804933296176,-18.5012872543466,-21.5820616498724,-20.2205538011266,-19.0660421294873,-21.7623731631064,0.237626836893597,2.16914215065704,1.70968996210454,2.08307036612734,-0.352767319107715,4.87566286367533,0.515395167480361
"2002-04-01",0.378917197452229,1.70998470618283,-3.975026,3.29753019507369,0.0433880965567752,1.69294770643472,3.4660125309496,-0.00246277205040002,2.6975372279496,-18.5114426634066,-21.6912745854965,-20.2242844393092,-19.4595953636783,-21.6404624984706,0.259537501529408,2.71182940162818,1.91280369661733,2.6864917736143,-0.366654977321073,4.87345381944859,0.503317508275669
"2002-05-01",-0.245998531343623,1.72996834817013,-4.1092,3.25713381117348,0.0142952367596187,1.66609696501468,3.27613826385304,-0.32007971314696,2.57992028685304,-18.5581370872033,-21.736443799245,-20.2529095530127,-19.5511300682267,-21.9404624984706,0.0595375015294053,2.68946693743368,1.81003715555926,2.79351698787517,-0.378299440035395,4.83925367734064,0.463041952912184
"2002-06-01",-0.212437977930236,1.69990266889987,-4.130941,3.22757574131436,-0.0192457636898773,1.65576791958042,3.77968452105126,0.37776599505126,3.07776599505126,-18.6055482531744,-21.749839649748,-20.3029367795758,-19.3837123701334,-21.798271432007,0.101728567993007,2.59826847557598,1.96914218498212,2.47771170035896,-0.394538967974611,4.81454335935119,0.43171747925223
"2002-07-01",-1.35682014811299,1.67993214536837,-4.11018,3.17912680893494,-0.0544690019760772,1.6220660158166,3.6703089462334,0.5252185632334,2.9252185632334,-18.6542675469866,-21.7916170715974,-20.3338400321127,-18.7971316898848,-21.3138892990798,0.386110700920199,3.2136971224314,2.19662594553614,3.14733550410223,-0.442439710899526,4.7698291739264,0.386486141510362
"2002-08-01",-1.54987190003592,1.61998319224625,-4.250576,3.20542069032334,-0.0382160160603853,1.6302123993306,3.29896591648416,0.0403718694841597,2.64037186948416,-18.6646419739861,-21.7909864614145,-20.3339694588049,-18.5125792469803,-21.3607429002983,0.439257099701706,3.02727079392965,2.04384308982155,2.92968879401228,-0.42970233247221,4.77906214669206,0.403596697048137
"2002-09-01",-1.60357357195355,1.62998348172253,-4.237251,3.20030442230769,-0.0134265467371009,1.60620675871977,2.82564129020345,-0.29292192779655,2.40707807220345,-18.6778556046912,-21.7625537225367,-20.379528655752,-18.5297185153169,-21.2341697009075,0.365830299092494,3.01647297488564,2.15735778261361,2.93472803377047,-0.442311209228827,4.79643496601247,0.400854495550481
"2002-10-01",-1.58403469670268,1.57992736528884,-4.167175,3.19945421380034,0.0137969337422881,1.60731323688864,2.59392968722004,-0.21414391177996,2.48585608822004,-18.6774403439889,-21.7305060095204,-20.3623316262703,-18.9572234677799,-20.9075965015168,0.392403498483205,3.1540961468696,2.18459054397234,2.98978931558333,-0.443081971679471,4.81953693359671,0.400921468058292
"2002-11-01",-1.12077181208054,1.22988487590033,-4.787313,3.19105231981981,0.0128868312842556,1.61219718333892,2.65957181842855,0.41575035242855,2.81575035242855,-18.7242326001765,-21.7483973829833,-20.3728103098493,-18.7814092524204,-20.9075965015168,0.392403498483205,3.06799453849737,2.13086604794497,2.85390871593511,-0.451776010971415,4.80080193452706,0.382401168509613
"2002-12-01",-1.55629122723661,1.1899589803836,-4.901392,3.1747714599666,0.0203147114713147,1.6303905617367,2.43674896922415,0.52556058922415,2.82556058922415,-18.7143933940546,-21.7462620683163,-20.3524924611575,-18.8917344235142,-21.0763607673711,0.0236392326289092,3.13780266965804,2.15108894814351,3.13816830169941,-0.461404260432273,4.80314279032828,0.363809432839332
"2003-01-01",-1.53480335985282,1.16996633373536,-4.895625,3.1194105372528,0.003183834904668,1.61460033714494,3.00768688530128,0.927940810301281,3.32794081030128,-18.7718847379348,-21.7854995228894,-20.3825789731906,-18.6303357329391,-20.4388322356624,0.7611677643376,2.9647697431701,1.84386748315025,2.91563540915974,-0.480881747392919,4.77755335352424,0.319544045600525
"2003-02-01",-1.64989139031259,1.1699832408648,-4.393334,3.09907677431262,0.0101155297867344,1.60510517566364,2.81939981135552,0.91766258835552,3.21766258835552,-18.7968956143547,-21.7713837499349,-20.3859608133606,-18.1334813899556,-19.5481573051722,1.15184269482781,2.64668358181101,1.91008825302275,2.4528460098664,-0.474928979768229,4.78195896515681,0.307631747759401
"2003-03-01",-3.61224367631571,1.12986519175209,-4.3771,3.0922760184124,0.00619478646855143,1.6206694076137,2.65678539110113,0.24960097610113,3.14960097610113,-18.8660872995179,-21.7763601473906,-20.3843760059743,-18.0532092234228,-19.3840555740728,1.3159444259272,2.98096736926169,2.13942812898706,2.83746219710553,-0.459005875036194,4.77649061837199,0.308513582031714
"2003-04-01",-3.71333509908215,1.12989991242337,-4.284216,3.08936718554017,0.0264803755862069,1.61571169954427,2.32549711760212,-0.0863490803978797,2.81365091960212,-18.873780412435,-21.7720962948584,-20.3530973685923,-18.4122980921112,-19.8528198399271,0.747180160072901,3.14720628487182,2.19065986588975,3.31694928477742,-0.453556615575418,4.78661635974609,0.320850855718256
"2003-05-01",-4.04963968864274,1.06994887878393,-4.462384,3.04456117034555,0.00637943941815777,1.58476873692852,2.3359890007456,0.0984269917456002,2.8984269917456,-18.9179591995994,-21.7903243490976,-20.4047885479947,-18.3851208160011,-20.1793930393179,0.620606960682096,3.02130069239031,2.03534722028972,2.82676484846789,-0.483906534414727,4.76531514985797,0.270866479523219
"2003-06-01",-3.31864811535393,0.919940842904106,-4.843323,3.06042288045094,0.0166715832826831,1.55431902549671,3.0406938806691,0.999990235669101,3.5999902356691,-18.8966411665239,-21.7645109957834,-20.4221166123684,-18.3027264073854,-19.7950109063907,0.804989093609294,3.02271177885909,2.0994414543337,2.59649557811167,-0.507359624122816,4.77346888041848,0.277328660372289
"2003-07-01",-3.37607810758014,0.899898901309986,-4.501593,3.10040439305878,0.0301673185844713,1.5923869278101,2.79863118948455,1.08868517548455,3.38868517548455,-18.8676353569171,-21.7647313159292,-20.3769360234703,-17.4502876004627,-19.5106287734635,0.989371226536505,3.56324115760815,2.42800153448954,3.5358327134129,-0.483721606073932,4.77656476015976,0.308293196355891
"2003-08-01",-3.7832793756328,0.949848309152689,-4.612711,3.11262180317113,0.0331253074624058,1.6077621390552,2.42256751914328,0.86260898914328,3.06260898914328,-18.871634243034,-21.7603198264815,-20.3659014974041,-17.3761838510967,-19.4152913082184,1.0847086917816,3.07659713164954,2.13289664696688,3.09291349325502,-0.46618384314287,4.77628248648134,0.322880283101746
"2003-09-01",-3.99495460164457,0.939703832752613,-4.81118,3.09333481355845,0.00222537476077278,1.57953899861429,2.12964088777397,0.44609505477397,2.94609505477397,-18.8907446726433,-21.7935367216761,-20.413694337212,-17.2609855195391,-19.2621449094369,1.13785509056309,3.43744865227549,2.44649094852991,3.17990838062079,-0.479644506282416,4.74319148388547,0.317944510578669
"2003-10-01",-4.16548666011157,0.919881273659648,-5.427376,3.04535544132873,-0.0440695597091931,1.53478517753952,1.81883473189996,0.25109872689996,2.85109872689996,-18.957936428307,-21.8387038660243,-20.4493374517505,-17.8292791361211,-19.3465270423641,0.95347295763591,3.63530636420565,2.56923747596121,3.40159260860386,-0.518317489524286,4.69588345252169,0.279297015917341
"2003-11-01",-3.89577796940038,0.92996336251509,-5.524654,3.05804590069334,-0.0484864809003476,1.51869785203045,1.71905184876198,0.586583546761981,2.88658354676198,-18.9656091391527,-21.8413305051155,-20.4677147650251,-17.9196789889415,-19.057482374682,0.742517625318001,2.97799458948041,2.14922875388491,2.64876662906435,-0.524550998384467,4.69297774593993,0.286531410694385
"2003-12-01",-3.97076923076923,0.899972154593981,-5.650984,3.00813386692982,-0.0676742113314255,1.48469412846616,1.37120468196165,0.79675560796165,2.69675560796165,-18.9656143764926,-21.845926532301,-20.4756067312123,-18.022646344182,-19.2418645076092,0.458135492390809,3.24938708598537,2.40682924576036,3.20552448114616,-0.560529655945106,4.67969956933564,0.234518609335715
"2004-01-01",-4.05056922649694,0.879943539242579,-6.27596,2.97648005767548,-0.0728181702778095,1.41889689345548,2.08124817066893,1.24178810666893,3.34178810666893,-19.032253591353,-21.8836726629259,-20.5492186656698,-17.3179338210659,-18.6621449094369,1.13785509056309,3.20128997553377,2.10100145751069,2.68085559217243,-0.601853922113554,4.66596891029487,0.21438530964031
"2004-02-01",-3.80623857507839,0.929962514490492,-6.595219,2.98504843625929,-0.0642414888375349,1.40810337699934,1.8804384966219,0.885645099621899,3.0856450996219,-19.0334131032375,-21.8683781629022,-20.5688887295578,-16.9120243371383,-18.240234244801,1.35976575519899,2.97976498371186,2.31407936908243,2.66581316447784,-0.624493537242897,4.67009519492963,0.21897487444199
"2004-03-01",-3.95,0.939889416923081,-6.674837,3.03116642851366,-0.0370624680538789,1.42549884726533,2.02182695015616,0.79706102715616,3.19706102715616,-18.9652952413477,-21.8381758722018,-20.5593293825241,-16.6101689850216,-17.933941447238,1.766058552762,3.48588194194754,2.52664517932452,3.22771599652418,-0.602182545185851,4.68689486297324,0.245139849186106
"2004-04-01",-3.70374134464608,0.93988853426271,-6.687113,3.04838218063942,-0.0416547754834475,1.43112903675197,1.49464678380942,0.12323739480942,2.62323739480942,-18.9562393133768,-21.8575614655191,-20.5428148013755,-17.1641380429581,-17.6807950484564,1.7192049515436,3.60839877864773,2.59302695041511,3.35645698613773,-0.589507405800185,4.67894467397072,0.259976801359559
"2004-05-01",-4.35538461538462,1.01995543513138,-6.9277,3.04423855842326,0.0118660436224367,1.44063579911986,1.62708393780729,0.39745263380729,2.69745263380729,-18.9749562297441,-21.8266107376693,-20.5414138468049,-16.9229595934027,-17.316693317357,1.883306682643,3.48264326298568,2.41908337539703,3.16066306231447,-0.579978482454307,4.72024734182921,0.249902320614901
"2004-06-01",-2.43145548351494,1.26986293058074,-7.174898,3.02873891042375,-0.0180263054951801,1.41143388974634,2.2245458008393,0.9755069898393,3.2755069898393,-18.9663805391118,-21.8325342249361,-20.5851257263572,-16.8366826505786,-17.2635469185755,2.13645308142449,4.18323435993973,2.94249833574304,3.84112207140456,-0.603167766940421,4.69531797263208,0.223383522518817
"2004-07-01",-2.4322641509434,1.32995433251954,-7.354298,3.0316110213204,-0.0198239134336866,1.41163734746744,2.15088637964606,0.77706918064606,3.17706918064606,-18.9540766990094,-21.8482700876333,-20.5922488366069,-15.9494170648465,-17.0901201179662,2.2098798820338,4.18907254033784,2.94079498898286,3.83361085691145,-0.611828659382357,4.69580673409744,0.219296159585316
"2004-08-01",-2.08967741935484,1.47990928355783,-7.130019,3.04321305729225,-0.00320532088974446,1.41644190332778,1.70442427397365,0.501496572973649,2.70149657297365,-18.9270387254575,-21.8283824339436,-20.5851215837834,-16.2624323328628,-17.1479290515026,2.05207094849739,4.19641904432558,2.75194016786021,3.96865629310739,-0.599001322669716,4.70260175042769,0.232935453776679
"2004-09-01",-1.95714285714286,1.64992733310685,-6.744516,3.05064814504728,0.00221612962419115,1.43321053324724,1.4809169812442,0.2885796342442,2.5885796342442,-18.9115738383317,-21.829299750673,-20.5854938315781,-16.0992336950809,-17.2791647856483,2.22083521435169,4.00510816457374,2.86392923420915,3.76800032756778,-0.584280525572831,4.70131092986947,0.233410663669987
"2004-10-01",-2.08065657189646,1.75996322971774,-6.700036,3.02197700205326,-0.0130957461963348,1.41739182696817,1.40875110958456,0.25619092958456,2.65619092958456,-18.9339494340613,-21.842604039721,-20.5953789248284,-16.5794517092568,-17.3572541210124,2.44274587898761,4.3635742488441,3.05293828945879,3.98095233691231,-0.592055318998672,4.68935966850938,0.209450224182207
"2004-11-01",-2.31405405405405,2.0699904488104,-6.563648,2.96541719219773,-0.0406910626821535,1.38046481032576,1.35385940470515,0.71525954070515,2.71525954070515,-18.9857193890964,-21.8668327794223,-20.6314892471997,-16.6303855267909,-17.1150630545488,2.28493694545121,4.64173232631889,3.00523983148141,4.34611703734233,-0.620952761011459,4.6510895667325,0.157943478065955
"2004-12-01",-2.70191875075,2.18997110116135,-6.855134,2.95347501034764,-0.052792980650338,1.35847837773878,1.2025449808917,0.9161371178917,2.7161371178917,-18.9627300171329,-21.8748499239473,-20.6408851324171,-16.7667050471093,-16.9104005197939,1.68959948020611,3.87368103597238,2.80361935127653,3.83923050977656,-0.656794351094147,4.64256615839106,0.136713823315822
"2005-01-01",-2.73,2.32999032329859,-6.410605,2.96214542782862,-0.0464933388805555,1.37368519713537,1.69142628086018,1.09663257986018,3.09663257986018,-18.9917971653808,-21.9097538853429,-20.6534711070967,-16.1475224522504,-16.5416362539396,2.1583637460604,4.0337505896921,2.47821609947433,3.56767673581872,-0.631112189640413,4.63803419960726,0.164836242452935
"2005-02-01",-2.89443330884971,2.53998094225312,-6.385983,2.97931224292197,-0.029456099554185,1.36923277509695,1.77424001367028,0.939390452670279,3.13939045267028,-18.987251715494,-21.8894380856418,-20.6658666767949,-15.8957096776279,-15.7775345228401,2.4224654771599,3.78360343967997,2.72135533105457,3.52844230534676,-0.635041259152913,4.65342878032788,0.175464769330741
"2005-03-01",-3.05725806451613,2.73992399360406,-6.324468,2.97699247916661,-0.0229559296084325,1.35114257138655,1.52280255058772,0.46710134258772,2.76710134258772,-18.9641384527819,-21.8826047815981,-20.6824528693088,-15.4997804186149,-15.4446685258864,2.7553314741136,3.89872455102259,2.80312614111302,3.62877316144878,-0.644114486982634,4.65637932683483,0.161778655562625
"2005-04-01",-3.30578947368421,2.78,-6.112709,2.99614296002218,-0.00308481108779546,1.34833606212614,1.18738921787014,0.10475577687014,2.30475577687014,-18.9438546625012,-21.8888552617914,-20.6731956132631,-15.7456905757122,-14.9961846618597,3.0038153381403,4.16520341912018,2.88049094013753,3.85391220187597,-0.639799145058021,4.67463841114325,0.178480857408017
"2005-05-01",-3.54333333333333,2.84,-5.789935,3.00934603386219,0.00220108266628216,1.34590850434132,1.29018775006571,0.27324936606571,2.27324936606571,-18.928063402945,-21.8921817308546,-20.6847925253069,-15.7329723760186,-15.1805667947869,2.6194332052131,4.28583375119136,2.66480148719459,4.05761694284251,-0.618369753602122,4.66903848257536,0.196553139040679
"2005-06-01",-3.76839390522898,2.97,-5.246004,3.04596452525697,0.0204218984384212,1.37051524534191,1.72703837479934,0.89079382579934,2.59079382579934,-18.899120435233,-21.8561299008533,-20.6620791364301,-15.4710383869095,-14.7383757283233,2.6616242716767,4.53295796136138,3.02459081582882,4.36879892421177,-0.597571965636916,4.68902684207438,0.236257190459593
"2005-07-01",-3.97347682119205,3.22,-4.535601,3.05859815578382,0.0504418228327772,1.40728812587696,1.70127488194515,0.74580047994515,2.54580047994515,-18.892406189738,-21.849923223364,-20.6346900566556,-14.5578135835084,-14.258656130151,2.94134386984901,4.65927845153495,3.12383452395862,4.47686845047241,-0.56001570795675,4.71808360651318,0.258124520209455
"2005-08-01",-4.20052631578947,3.43999095894003,-4.419472,3.05053448774702,0.0548158210135483,1.40056995615264,1.31568260204691,0.42245819904691,2.22245819904691,-18.9076662590185,-21.8502774146398,-20.6600172352323,-14.2756399379768,-13.9367454655151,3.16325453448489,4.8374276909582,2.96876324129645,4.67525757427366,-0.584670704223861,4.70597885770491,0.233410663669987
"2005-09-01",-4.10873417721519,3.42,-4.52816,3.059785055097,0.0701667865400601,1.37551602966569,1.27489754692094,0.39102204492094,2.19102204492094,-18.9268367492186,-21.8574797284065,-20.69752969898,-13.6880298006671,-13.224159870389,3.975840129611,5.10699566042363,3.41061644576023,4.99789887087925,-0.59133591441326,4.71168103975326,0.236730824822725
"2005-10-01",-4.00882352941176,3.71,-4.091742,3.07941876736013,0.11244177019606,1.39814897267523,1.02377738600558,-0.0261988489944205,1.97380115100558,-18.916228957762,-21.8268974121723,-20.6724307311148,-14.3723968093441,-13.0553956045347,4.0446043954653,5.42839074263201,3.55353127133958,5.44015290079684,-0.568207346004096,4.74379670140126,0.253090627682162
"2005-11-01",-3.25732673267327,3.88,-3.75356,3.09171629013632,0.149944521034218,1.41649724964772,1.18635957555682,0.304688589556821,2.20468858955682,-18.9102560609624,-21.7909609582013,-20.6709967060267,-14.7708620348048,-13.3304526679521,3.3695473320479,5.03872772606279,3.24177111900995,4.9433245220447,-0.550949774850145,4.77452469955762,0.270790204781563
"2005-12-01",-3.39594059405941,3.88997467550885,-3.843894,3.10836688781606,0.148597320377085,1.41144064472542,0.87284330165756,0.51790186265756,1.91790186265756,-18.8855257403381,-21.7958887462272,-20.6666411043206,-15.001053453688,-13.7679811996608,2.7320188003392,4.53587292117265,3.0565342090141,4.59288770045445,-0.557212903319112,4.77459561064696,0.266432899412607
"2006-01-01",-3.42821583438296,4.23996536091759,-3.54184,3.08857230972296,0.137656187177004,1.40698148486499,1.25976678552791,0.566644637527911,2.26664463752791,-18.9180600024416,-21.8365959761957,-20.686609343297,-14.1880002478892,-13.235115202707,3.664884797293,4.92702466288219,2.80559187154629,4.66251951949032,-0.570188273159498,4.74906704605694,0.244748475066594
"2006-02-01",-2.83835572412679,4.42970303876193,-3.24372,3.11553400828696,0.163413126526905,1.40577529693489,1.41772544723177,0.82059994323177,2.22059994323177,-18.9017985063716,-21.817227784136,-20.6988706078865,-14.3241528914316,-12.7663509368526,3.6336490631474,4.03740409946518,2.74466317111326,3.99350555778334,-0.558472277233344,4.76950172172217,0.266356285737028
